INSERT INTO `kecamatans`( `id`, `nama`, `Kode_kecamatan`) VALUES
(1, 'DUKUN',352501),
(2, 'BALONGPANGGANG',352502),
(3, 'PANCENG',352503),
(4, 'BENJENG',352504),
(5, 'DUDUKSAMPEYAN',352505),
(6, 'WRINGINANOM',352506),
(7, 'UJUNGPANGKAH',352507),
(8, 'KEDAMEAN',352508),
(9, 'SIDAYU',352509),
(10, 'MANYAR',352510),
(11, 'CERME',352511),
(12, 'BUNGAH',352512),
(13, 'MENGANTI',352513),
(14, 'KEBOMAS',352514),
(15, 'DRIYOREJO',352515),
(16, 'GRESIK',352516),
(17, 'SANGKAPURA',352517),
(18, 'TAMBAK',352518);


INSERT INTO `kelurahans`( `id`, `kode_kelurahan`, `id_kecamatan`, `nama` )VALUES
(1,3525012001,1, 'SAWO'),
(2,3525012002,1, 'KARANGCANGKRING'),
(3,3525012003,1, 'GEDONGKEDOAN'),
(4,3525012004,1, 'BULANGAN'),
(5,3525012005,1, 'WONOKERTO'),
(6,3525012006,1, 'BANGERAN'),
(7,3525012007,1, 'LOWAYU'),
(8,3525012008,1, 'PETIYIN TUNGGAL'),
(9,3525012009,1, 'TIREM ENGGAL'),
(10,3525012010,1, 'TEBUWUNG'),
(11,3525012011,1, 'DUKUH KEMBAR'),
(12,3525012012,1, 'MADUMULYOREJO'),
(13,3525012013,1, 'MENTARAS'),
(14,3525012014,1, 'BARON'),
(15,3525012015,1, 'JREBENG'),
(16,3525012016,1, 'MOJOPETUNG'),
(17,3525012017,1, 'SEKARGADUNG'),
(18,3525012018,1, 'IMAAN'),
(19,3525012019,1, 'BABAKBAWO'),
(20,3525012020,1, 'BABAKSARI'),
(21,3525012021,1, 'SAMBOGUNUNG'),
(22,3525012022,1, 'SEMBUNGAN KIDUL'),
(23,3525012023,1, 'SEMBUNGANYAR'),
(24,3525012024,1, 'KALIREJO'),
(25,3525012025,1, 'PADANG BANDUNG'),
(26,3525012026,1, 'DUKUNANYAR'),
(27,3525022001,2, 'JOMBANGDELIK'),
(28,3525022002,2, 'BRANGKAL'),
(29,3525022003,2, 'NGAMPEL'),
(30,3525022004,2, 'BANDUNGSEKARAN'),
(31,3525022005,2, 'BABATAN'),
(32,3525022006,2, 'TANAHLANDEAN'),
(33,3525022007,2, 'KEDUNGSUMBER'),
(34,3525022008,2, 'WONOREJO'),
(35,3525022009,2, 'DAPET'),
(36,3525022010,2, 'DOHOAGUNG'),
(37,3525022011,2, 'MOJOGEDE'),
(38,3525022012,2, 'TENGGOR'),
(39,3525022013,2, 'WAHAS'),
(40,3525022014,2, 'KEDUNGPRING'),
(41,3525022015,2, 'SEKARPUTIH'),
(42,3525022016,2, 'PINGGIR'),
(43,3525022017,2, 'KARANGSEMANDING'),
(44,3525022018,2, 'PACUH'),
(45,3525022019,2, 'BALONGPANGGANG'),
(46,3525022020,2, 'WOTANSARI'),
(47,3525022021,2, 'PUCUNG'),
(48,3525022022,2, 'KLOTOK'),
(49,3525022023,2, 'NGASIN'),
(50,3525022024,2, 'BANJARAGUNG'),
(51,3525022025,2, 'GANGGANG'),
(52,3525032001,3, 'PANTENAN'),
(53,3525032002,3, 'SUMURBER'),
(54,3525032003,3, 'SIWALAN'),
(55,3525032004,3, 'KETANEN'),
(56,3525032005,3, 'BANYUTENGAH'),
(57,3525032006,3, 'SERAH'),
(58,3525032007,3, 'SUROWITI'),
(59,3525032008,3, 'PRUPUH'),
(60,3525032009,3, 'CAMPUREJO'),
(61,3525032010,3, 'SUKODONO'),
(62,3525032011,3, 'DALEGAN'),
(63,3525032012,3, 'PETUNG'),
(64,3525032013,3, 'WOTAN'),
(65,3525032014,3, 'DOUDO'),
(66,3525042001,4, 'KARANGANKIDUL'),
(67,3525042002,4, 'SEDAPUR KLAGEN'),
(68,3525042003,4, 'DELIKSUMBER'),
(69,3525042004,4, 'LUNDO'),
(70,3525042005,4, 'KALIPADANG'),
(71,3525042006,4, 'KEDUNGRUKEM'),
(72,3525042007,4, 'BALUNGTUNJUNG'),
(73,3525042008,4, 'MUNGGUGEBANG'),
(74,3525042009,4, 'BALONGMOJO'),
(75,3525042010,4, 'BULANGKULON'),
(76,3525042011,4, 'BANTER'),
(77,3525042012,4, 'SIRNOBOYO'),
(78,3525042013,4, 'MUNGGUGIANTI'),
(79,3525042014,4, 'KLAMPOK'),
(80,3525042015,4, 'METATU'),
(81,3525042016,4, 'BENGKELOLOR'),
(82,3525042017,4, 'GURANGPLOSO'),
(83,3525042018,4, 'KEDUNGSEKAR'),
(84,3525042019,4, 'DERMO'),
(85,3525042020,4, 'JOGODALU'),
(86,3525042021,4, 'JATIREMBE'),
(87,3525042022,4, 'BULUREJO'),
(88,3525042023,4, 'PUNDUTTRATE'),
(89,3525052001,5, 'PANJUNAN'),
(90,3525052002,5, 'KANDANGAN'),
(91,3525052003,5, 'PANDANAN'),
(92,3525052004,5, 'TUMAPEL'),
(93,3525052005,5, 'TAMBAKREJO'),
(94,3525052006,5, 'GLANGGANG'),
(95,3525052007,5, 'PALEBON'),
(96,3525052008,5, 'SETROHADI'),
(97,3525052009,5, 'BENDUNGAN'),
(98,3525052010,5, 'SUMENGKO'),
(99,3525052011,5, 'WADAK LOR'),
(100,3525052012,5, 'WADAK KIDUL'),
(101,3525052013,5, 'PETISBENEM'),
(102,3525052014,5, 'DUDUKSAMPEYAN'),
(103,3525052015,5, 'GREDEK'),
(104,3525052016,5, 'KRAMAT'),
(105,3525052017,5, 'SUMARI'),
(106,3525052018,5, 'SAMIRPLAPAN'),
(107,3525052019,5, 'KAWISTOWINDU'),
(108,3525052020,5, 'KEMUDI'),
(109,3525052021,5, 'TEBALOAN'),
(110,3525052022,5, 'TIREM'),
(111,3525052023,5, 'AMBENG - AMBENG WATANGREJO'),
(112,3525062001,6, 'KEPUHKLAGEN'),
(113,3525062002,6, 'SUMBERGEDE'),
(114,3525062003,6, 'MONDOLUKU'),
(115,3525062004,6, 'KEDUNGANYAR'),
(116,3525062005,6, 'SUMBERWARU'),
(117,3525062006,6, 'KESAMBENKULON'),
(118,3525062007,6, 'SUMBERAME'),
(119,3525062008,6, 'SEMBUNG'),
(120,3525062009,6, 'SOOKO'),
(121,3525062010,6, 'WRINGINANOM'),
(122,3525062011,6, 'PEDAGANGAN'),
(123,3525062012,6, 'LEBANISUKO'),
(124,3525062013,6, 'LEBANIWARAS'),
(125,3525062014,6, 'WATESTANJUNG'),
(126,3525062015,6, 'SUMENGKO'),
(127,3525062016,6, 'PASINANLEMAHPUTIH'),
(128,3525072001,7, 'PANGKAHKULON'),
(129,3525072002,7, 'CANGAAN'),
(130,3525072003,7, 'NGEMBOH'),
(131,3525072004,7, 'SEKAPUK'),
(132,3525072005,7, 'GOSARI'),
(133,3525072006,7, 'BANYUURIP'),
(134,3525072007,7, 'KEBONAGUNG'),
(135,3525072008,7, 'PANGKAHWETAN'),
(136,3525072009,7, 'BOLO'),
(137,3525072010,7, 'GLATIK'),
(138,3525072011,7, 'KARANGREJO'),
(139,3525072012,7, 'KETAPANGLOR'),
(140,3525072013,7, 'TANJANGAWAN'),
(141,3525082001,8, 'MOJOWUKU'),
(142,3525082002,8, 'GLINDAH'),
(143,3525082003,8, 'SIDORAHARJO'),
(144,3525082004,8, 'TULUNG'),
(145,3525082005,8, 'CERMEN'),
(146,3525082006,8, 'LAMPAH'),
(147,3525082007,8, 'SLEMPIT'),
(148,3525082008,8, 'TURIREJO'),
(149,3525082009,8, 'BELAHANREJO'),
(150,3525082010,8, 'MENUNGGAL'),
(151,3525082011,8, 'TANJUNG'),
(152,3525082012,8, 'KATIMOHO'),
(153,3525082013,8, 'BANYUURIP'),
(154,3525082014,8, 'KEDAMEAN'),
(155,3525082015,8, 'NGEPUNG'),
(156,3525092001,9, 'SUKOREJO'),
(157,3525092002,9, 'GEDANGAN'),
(158,3525092003,9, 'WADENG'),
(159,3525092004,9, 'LASEM'),
(160,3525092005,9, 'KERTOSONO'),
(161,3525092006,9, 'SAMBIPONDOK'),
(162,3525092007,9, 'RACI KULON'),
(163,3525092008,9, 'GOLOKAN'),
(164,3525092009,9, 'RACI TENGAH'),
(165,3525092010,9, 'PURWODADI'),
(166,3525092011,9, 'SIDOMULYO'),
(167,3525092012,9, 'SROWO'),
(168,3525092013,9, 'KAUMAN'),
(169,3525092014,9, 'BUNDERAN'),
(170,3525092015,9, 'ASEMPAPAK'),
(171,3525092016,9, 'MRIYUNAN'),
(172,3525092017,9, 'MOJOASEM'),
(173,3525092018,9, 'SEDAGARAN'),
(174,3525092019,9, 'NGAWEN'),
(175,3525092020,9, 'PENGULU'),
(176,3525092021,9, 'RANDUBOTO'),
(177,3525102001,10, 'TANGGULREJO'),
(178,3525102002,10, 'MOROBAKUNG'),
(179,3525102003,10, 'PEJANGGANAN'),
(180,3525102004,10, 'GUMENO'),
(181,3525102005,10, 'SUMBEREJO'),
(182,3525102006,10, 'NGAMPEL'),
(183,3525102007,10, 'BETOYOKAUMAN'),
(184,3525102008,10, 'SEMBAYAT'),
(185,3525102009,10, 'BETOYOGUCI'),
(186,3525102010,10, 'LERAN'),
(187,3525102011,10, 'TEBALO'),
(188,3525102012,10, 'KARANGREJO'),
(189,3525102013,10, 'BANYUWANGI'),
(190,3525102014,10, 'MANYAREJO'),
(191,3525102015,10, 'MANYAR SIDOMUKTI'),
(192,3525102016,10, 'MANYAR SIDORUKUN'),
(193,3525102017,10, 'BANJARSARI'),
(194,3525102018,10, 'SUCI'),
(195,3525102019,10, 'PAGANDEN'),
(196,3525102020,10, 'PONGANGAN'),
(197,3525102021,10, 'SUKOMULYO'),
(198,3525102022,10, 'YOSOWILANGUN'),
(199,3525102023,10, 'ROOMO'),
(200,3525112001,11, 'DADAPKUNING'),
(201,3525112002,11, 'LENGKONG'),
(202,3525112003,11, 'KANDANGAN'),
(203,3525112004,11, 'DOORO'),
(204,3525112005,11, 'DAMPAAN'),
(205,3525112006,11, 'NGEMBUNG'),
(206,3525112007,11, 'SUKOANYAR'),
(207,3525112008,11, 'GEDANGKULUD'),
(208,3525112009,11, 'WEDANI'),
(209,3525112010,11, 'DUNGUS'),
(210,3525112011,11, 'GURANGANYAR'),
(211,3525112012,11, 'KAMBINGAN'),
(212,3525112013,11, 'MOROWUDI'),
(213,3525112014,11, 'BETITING'),
(214,3525112015,11, 'NGABETAN'),
(215,3525112016,11, 'PADEG'),
(216,3525112017,11, 'IKER - IKER GEGER'),
(217,3525112018,11, 'SEMAMPIR'),
(218,3525112019,11, 'CAGAKAGUNG'),
(219,3525112020,11, 'CERME KIDUL'),
(220,3525112021,11, 'CERME LOR'),
(221,3525112022,11, 'PANDU'),
(222,3525112023,11, 'BANJARSARI'),
(223,3525112024,11, 'TAMBAKBERAS'),
(224,3525112025,11, 'JONO'),
(225,3525122001,12, 'SIDOMUKTI'),
(226,3525122002,12, 'MOJOPUROGEDE'),
(227,3525122003,12, 'MOJOPUROWETAN'),
(228,3525122004,12, 'MELIRANG'),
(229,3525122005,12, 'SIDOREJO'),
(230,3525122006,12, 'RACIWETAN'),
(231,3525122007,12, 'MASANGAN'),
(232,3525122008,12, 'SIDOKUMPUL'),
(233,3525122009,12, 'PEGUNDAN'),
(234,3525122010,12, 'SUKOWATI'),
(235,3525122011,12, 'ABAR- ABIR'),
(236,3525122012,12, 'BUNGAH'),
(237,3525122013,12, 'KEMANGI'),
(238,3525122014,12, 'KISIK'),
(239,3525122015,12, 'GUMENG'),
(240,3525122016,12, 'SUKOREJO'),
(241,3525122017,12, 'INDRODELIK'),
(242,3525122018,12, 'BEDANTEN'),
(243,3525122019,12, 'SUNGONLEGOWO'),
(244,3525122020,12, 'TANJUNG WIDORO'),
(245,3525122021,12, 'WATUAGUNG'),
(246,3525122022,12, 'KRAMAT'),
(247,3525132001,13, 'BETON'),
(248,3525132002,13, 'PRANTI'),
(249,3525132003,13, 'GADINGWATU'),
(250,3525132004,13, 'BRINGKANG'),
(251,3525132005,13, 'BOTENG'),
(252,3525132006,13, 'PUTATLOR'),
(253,3525132007,13, 'DOMAS'),
(254,3525132008,13, 'MOJOTENGAH'),
(255,3525132009,13, 'BOBOH'),
(256,3525132010,13, 'SIDOJANGKUNG'),
(257,3525132011,13, 'HENDROSARI'),
(258,3525132012,13, 'PELEMWATU'),
(259,3525132013,13, 'MENGANTI'),
(260,3525132014,13, 'HULAAN'),
(261,3525132015,13, 'KEPATIHAN'),
(262,3525132016,13, 'GEMPOLKURUNG'),
(263,3525132017,13, 'DRANCANG'),
(264,3525132018,13, 'SIDOWUNGU'),
(265,3525132019,13, 'RANDUPADANGAN'),
(266,3525132020,13, 'SETRO'),
(267,3525132021,13, 'PENGALANGAN'),
(268,3525132022,13, 'LABAN'),
(269,3525141006,14, 'GULOMANTUNG'),
(270,3525141008,14, 'SIDOMUKTI'),
(271,3525141010,14, 'KEBOMAS'),
(272,3525141011,14, 'KAWIS ANYAR'),
(273,3525141012,14, 'NGARGOSARI'),
(274,3525141014,14, 'GENDING'),
(275,3525141015,14, 'SIDOMORO'),
(276,3525141016,14, 'TENGGULUNAN'),
(277,3525141017,14, 'SINGOSARI'),
(278,3525141019,14, 'INDRO'),
(279,3525142001,14, 'DAHANREJO'),
(280,3525142002,14, 'KEMBANGAN'),
(281,3525142003,14, 'KEDAYANG'),
(282,3525142004,14, 'RANDUAGUNG'),
(283,3525142005,14, 'KLANGONAN'),
(284,3525142007,14, 'SUKOREJO'),
(285,3525142009,14, 'GIRI'),
(286,3525142013,14, 'SEGOROMADU'),
(287,3525142018,14, 'KARANGKIRING'),
(288,3525142020,14, 'PRAMBANGAN'),
(289,3525142021,14, 'SEKARKURUNG'),
(290,3525152001,15, 'KARANGANDONG'),
(291,3525152002,15, 'BANJARAN'),
(292,3525152003,15, 'KRIKILAN'),
(293,3525152004,15, 'MOJOSARI REJO'),
(294,3525152005,15, 'TANJUNGAN'),
(295,3525152006,15, 'ANOM'),
(296,3525152007,15, 'SUMPUT'),
(297,3525152008,15, 'KESAMBEN WETAN'),
(298,3525152009,15, 'RANDEGANSARI'),
(299,3525152010,15, 'TENARU'),
(300,3525152011,15, 'DRIYOREJO'),
(301,3525152012,15, 'PETIKEN'),
(302,3525152013,15, 'CANGKIR'),
(303,3525152014,15, 'GADUNG'),
(304,3525152015,15, 'MULUNG'),
(305,3525152016,15, 'BAMBE'),
(306,3525161001,16, 'NGIPIK'),
(307,3525161002,16, 'TLOGO POJOK'),
(308,3525161003,16, 'KARANG TURI'),
(309,3525161004,16, 'TLOGO PATUT'),
(310,3525161005,16, 'SUKORAME'),
(311,3525161006,16, 'LUMPUR'),
(312,3525161007,16, 'KARANG POH'),
(313,3525161008,16, 'TRATE'),
(314,3525161010,16, 'SIDO KUMPUL'),
(315,3525161011,16, 'BEDILAN'),
(316,3525161012,16, 'SUKODONO'),
(317,3525161013,16, 'KEMUTERAN'),
(318,3525161014,16, 'PEKELINGAN'),
(319,3525161015,16, 'KROMAN'),
(320,3525161016,16, 'KEBUNGSON'),
(321,3525161017,16, 'PEKAUMAN'),
(322,3525162009,16, 'TLOGOBENDUNG'),
(323,3525162018,16, 'GAPURO SUKOLILO'),
(324,3525162019,16, 'PULOPANCIKAN'),
(325,3525162020,16, 'KRAMATINGGIL'),
(326,3525162021,16, 'SIDORUKUN'),
(327,3525172001,17, 'DEKATAGUNG'),
(328,3525172002,17, 'KUMALASA'),
(329,3525172003,17, 'SUWARI'),
(330,3525172004,17, 'PUDAKITBARAT'),
(331,3525172005,17, 'PUDAKITTIMUR'),
(332,3525172006,17, 'LEBAK'),
(333,3525172007,17, 'BULULANJANG'),
(334,3525172008,17, 'PATARSELAMAT'),
(335,3525172009,17, 'KOTAKUSUMA'),
(336,3525172010,17, 'SUNGAITELUK'),
(337,3525172011,17, 'GUNUNGTEGUH'),
(338,3525172012,17, 'SAWAHMULYA'),
(339,3525172013,17, 'SUNGAIRUJING'),
(340,3525172014,17, 'BALIKTERUS'),
(341,3525172015,17, 'KEBONTELUKDALAM'),
(342,3525172016,17, 'SIDOGEDUNGBATU'),
(343,3525172017,17, 'DAUN'),
(344,3525182001,18, 'GELAM'),
(345,3525182002,18, 'SUKAONENG'),
(346,3525182003,18, 'SUKALELA'),
(347,3525182004,18, 'PEKALONGAN'),
(348,3525182005,18, 'TAMBAK'),
(349,3525182006,18, 'TELUKJATIDAWANG'),
(350,3525182007,18, 'KLUMPANGGUBUG'),
(351,3525182008,18, 'GREJEG'),
(352,3525182009,18, 'TANJUNGORI'),
(353,3525182010,18, 'PEROMAAN'),
(354,3525182011,18, 'DIPONGGO'),
(355,3525182012,18, 'KEPUHTELUK'),
(356,3525182013,18, 'KEPUHLEGUNDI');


INSERT INTO `tps`( `id`, `kode_tps`, `id_kelurahan`, `nama`) VALUES
(1, '35250120011',1, '1'),
(2, '35250120012',1, '2'),
(3, '35250120013',1, '3'),
(4, '35250120014',1, '4'),
(5, '35250120015',1, '5'),
(6, '35250120021',2, '1'),
(7, '35250120022',2, '2'),
(8, '35250120031',3, '1'),
(9, '35250120032',3, '2'),
(10, '35250120041',4, '1'),
(11, '35250120042',4, '2'),
(12, '35250120043',4, '3'),
(13, '35250120051',5, '1'),
(14, '35250120052',5, '2'),
(15, '35250120053',5, '3'),
(16, '35250120054',5, '4'),
(17, '35250120061',6, '1'),
(18, '35250120062',6, '2'),
(19, '35250120063',6, '3'),
(20, '35250120064',6, '4'),
(21, '35250120071',7, '1'),
(22, '35250120072',7, '2'),
(23, '35250120073',7, '3'),
(24, '35250120074',7, '4'),
(25, '35250120075',7, '5'),
(26, '35250120076',7, '6'),
(27, '35250120077',7, '7'),
(28, '35250120078',7, '8'),
(29, '35250120079',7, '9'),
(30, '352501200710',7, '10'),
(31, '352501200711',7, '11'),
(32, '35250120081',8, '1'),
(33, '35250120082',8, '2'),
(34, '35250120091',9, '1'),
(35, '35250120092',9, '2'),
(36, '35250120093',9, '3'),
(37, '35250120094',9, '4'),
(38, '35250120101',10, '1'),
(39, '35250120102',10, '2'),
(40, '35250120103',10, '3'),
(41, '35250120104',10, '4'),
(42, '35250120105',10, '5'),
(43, '35250120106',10, '6'),
(44, '35250120111',11, '1'),
(45, '35250120112',11, '2'),
(46, '35250120121',12, '1'),
(47, '35250120122',12, '2'),
(48, '35250120123',12, '3'),
(49, '35250120131',13, '1'),
(50, '35250120132',13, '2'),
(51, '35250120133',13, '3'),
(52, '35250120134',13, '4'),
(53, '35250120135',13, '5'),
(54, '35250120136',13, '6'),
(55, '35250120141',14, '1'),
(56, '35250120142',14, '2'),
(57, '35250120143',14, '3'),
(58, '35250120144',14, '4'),
(59, '35250120151',15, '1'),
(60, '35250120152',15, '2'),
(61, '35250120161',16, '1'),
(62, '35250120162',16, '2'),
(63, '35250120163',16, '3'),
(64, '35250120171',17, '1'),
(65, '35250120172',17, '2'),
(66, '35250120173',17, '3'),
(67, '35250120174',17, '4'),
(68, '35250120181',18, '1'),
(69, '35250120182',18, '2'),
(70, '35250120183',18, '3'),
(71, '35250120191',19, '1'),
(72, '35250120192',19, '2'),
(73, '35250120193',19, '3'),
(74, '35250120194',19, '4'),
(75, '35250120201',20, '1'),
(76, '35250120202',20, '2'),
(77, '35250120203',20, '3'),
(78, '35250120204',20, '4'),
(79, '35250120211',21, '1'),
(80, '35250120212',21, '2'),
(81, '35250120213',21, '3'),
(82, '35250120214',21, '4'),
(83, '35250120215',21, '5'),
(84, '35250120221',22, '1'),
(85, '35250120222',22, '2'),
(86, '35250120223',22, '3'),
(87, '35250120231',23, '1'),
(88, '35250120232',23, '2'),
(89, '35250120233',23, '3'),
(90, '35250120241',24, '1'),
(91, '35250120242',24, '2'),
(92, '35250120243',24, '3'),
(93, '35250120251',25, '1'),
(94, '35250120252',25, '2'),
(95, '35250120253',25, '3'),
(96, '35250120254',25, '4'),
(97, '35250120255',25, '5'),
(98, '35250120256',25, '6'),
(99, '35250120261',26, '1'),
(100, '35250120262',26, '2'),
(101, '35250220011',27, '1'),
(102, '35250220012',27, '2'),
(103, '35250220021',28, '1'),
(104, '35250220022',28, '2'),
(105, '35250220023',28, '3'),
(106, '35250220031',29, '1'),
(107, '35250220032',29, '2'),
(108, '35250220033',29, '3'),
(109, '35250220041',30, '1'),
(110, '35250220042',30, '2'),
(111, '35250220043',30, '3'),
(112, '35250220051',31, '1'),
(113, '35250220052',31, '2'),
(114, '35250220053',31, '3'),
(115, '35250220054',31, '4'),
(116, '35250220055',31, '5'),
(117, '35250220061',32, '1'),
(118, '35250220062',32, '2'),
(119, '35250220063',32, '3'),
(120, '35250220071',33, '1'),
(121, '35250220072',33, '2'),
(122, '35250220073',33, '3'),
(123, '35250220074',33, '4'),
(124, '35250220081',34, '1'),
(125, '35250220082',34, '2'),
(126, '35250220091',35, '1'),
(127, '35250220092',35, '2'),
(128, '35250220093',35, '3'),
(129, '35250220094',35, '4'),
(130, '35250220101',36, '1'),
(131, '35250220102',36, '2'),
(132, '35250220103',36, '3'),
(133, '35250220111',37, '1'),
(134, '35250220112',37, '2'),
(135, '35250220113',37, '3'),
(136, '35250220121',38, '1'),
(137, '35250220122',38, '2'),
(138, '35250220123',38, '3'),
(139, '35250220131',39, '1'),
(140, '35250220132',39, '2'),
(141, '35250220133',39, '3'),
(142, '35250220141',40, '1'),
(143, '35250220142',40, '2'),
(144, '35250220143',40, '3'),
(145, '35250220144',40, '4'),
(146, '35250220151',41, '1'),
(147, '35250220152',41, '2'),
(148, '35250220153',41, '3'),
(149, '35250220161',42, '1'),
(150, '35250220162',42, '2'),
(151, '35250220163',42, '3'),
(152, '35250220171',43, '1'),
(153, '35250220172',43, '2'),
(154, '35250220173',43, '3'),
(155, '35250220174',43, '4'),
(156, '35250220181',44, '1'),
(157, '35250220182',44, '2'),
(158, '35250220183',44, '3'),
(159, '35250220184',44, '4'),
(160, '35250220185',44, '5'),
(161, '35250220191',45, '1'),
(162, '35250220192',45, '2'),
(163, '35250220193',45, '3'),
(164, '35250220194',45, '4'),
(165, '35250220195',45, '5'),
(166, '35250220196',45, '6'),
(167, '35250220197',45, '7'),
(168, '35250220201',46, '1'),
(169, '35250220202',46, '2'),
(170, '35250220211',47, '1'),
(171, '35250220212',47, '2'),
(172, '35250220213',47, '3'),
(173, '35250220221',48, '1'),
(174, '35250220222',48, '2'),
(175, '35250220223',48, '3'),
(176, '35250220231',49, '1'),
(177, '35250220232',49, '2'),
(178, '35250220233',49, '3'),
(179, '35250220234',49, '4'),
(180, '35250220241',50, '1'),
(181, '35250220242',50, '2'),
(182, '35250220243',50, '3'),
(183, '35250220251',51, '1'),
(184, '35250220252',51, '2'),
(185, '35250220253',51, '3'),
(186, '35250320011',52, '1'),
(187, '35250320012',52, '2'),
(188, '35250320013',52, '3'),
(189, '35250320014',52, '4'),
(190, '35250320021',53, '1'),
(191, '35250320022',53, '2'),
(192, '35250320023',53, '3'),
(193, '35250320024',53, '4'),
(194, '35250320025',53, '5'),
(195, '35250320026',53, '6'),
(196, '35250320031',54, '1'),
(197, '35250320032',54, '2'),
(198, '35250320033',54, '3'),
(199, '35250320034',54, '4'),
(200, '35250320035',54, '5'),
(201, '35250320041',55, '1'),
(202, '35250320042',55, '2'),
(203, '35250320043',55, '3'),
(204, '35250320044',55, '4'),
(205, '35250320045',55, '5'),
(206, '35250320051',56, '1'),
(207, '35250320052',56, '2'),
(208, '35250320053',56, '3'),
(209, '35250320054',56, '4'),
(210, '35250320055',56, '5'),
(211, '35250320061',57, '1'),
(212, '35250320062',57, '2'),
(213, '35250320063',57, '3'),
(214, '35250320064',57, '4'),
(215, '35250320071',58, '1'),
(216, '35250320072',58, '2'),
(217, '35250320073',58, '3'),
(218, '35250320074',58, '4'),
(219, '35250320081',59, '1'),
(220, '35250320082',59, '2'),
(221, '35250320083',59, '3'),
(222, '35250320084',59, '4'),
(223, '35250320091',60, '1'),
(224, '35250320092',60, '2'),
(225, '35250320093',60, '3'),
(226, '35250320094',60, '4'),
(227, '35250320095',60, '5'),
(228, '35250320096',60, '6'),
(229, '35250320097',60, '7'),
(230, '35250320098',60, '8'),
(231, '35250320099',60, '9'),
(232, '352503200910',60, '10'),
(233, '352503200911',60, '11'),
(234, '352503200912',60, '12'),
(235, '352503200913',60, '13'),
(236, '352503200914',60, '14'),
(237, '352503200915',60, '15'),
(238, '352503200916',60, '16'),
(239, '352503200917',60, '17'),
(240, '352503200918',60, '18'),
(241, '352503200919',60, '19'),
(242, '35250320101',61, '1'),
(243, '35250320102',61, '2'),
(244, '35250320103',61, '3'),
(245, '35250320111',62, '1'),
(246, '35250320112',62, '2'),
(247, '35250320113',62, '3'),
(248, '35250320114',62, '4'),
(249, '35250320115',62, '5'),
(250, '35250320116',62, '6'),
(251, '35250320117',62, '7'),
(252, '35250320118',62, '8'),
(253, '35250320119',62, '9'),
(254, '352503201110',62, '10'),
(255, '352503201111',62, '11'),
(256, '352503201112',62, '12'),
(257, '352503201113',62, '13'),
(258, '35250320121',63, '1'),
(259, '35250320122',63, '2'),
(260, '35250320123',63, '3'),
(261, '35250320124',63, '4'),
(262, '35250320125',63, '5'),
(263, '35250320131',64, '1'),
(264, '35250320132',64, '2'),
(265, '35250320133',64, '3'),
(266, '35250320134',64, '4'),
(267, '35250320141',65, '1'),
(268, '35250320142',65, '2'),
(269, '35250420011',66, '1'),
(270, '35250420012',66, '2'),
(271, '35250420013',66, '3'),
(272, '35250420014',66, '4'),
(273, '35250420021',67, '1'),
(274, '35250420022',67, '2'),
(275, '35250420023',67, '3'),
(276, '35250420031',68, '1'),
(277, '35250420032',68, '2'),
(278, '35250420033',68, '3'),
(279, '35250420034',68, '4'),
(280, '35250420041',69, '1'),
(281, '35250420042',69, '2'),
(282, '35250420043',69, '3'),
(283, '35250420044',69, '4'),
(284, '35250420051',70, '1'),
(285, '35250420052',70, '2'),
(286, '35250420053',70, '3'),
(287, '35250420054',70, '4'),
(288, '35250420055',70, '5'),
(289, '35250420061',71, '1'),
(290, '35250420062',71, '2'),
(291, '35250420063',71, '3'),
(292, '35250420064',71, '4'),
(293, '35250420071',72, '1'),
(294, '35250420072',72, '2'),
(295, '35250420081',73, '1'),
(296, '35250420082',73, '2'),
(297, '35250420083',73, '3'),
(298, '35250420084',73, '4'),
(299, '35250420091',74, '1'),
(300, '35250420092',74, '2'),
(301, '35250420093',74, '3'),
(302, '35250420101',75, '1'),
(303, '35250420102',75, '2'),
(304, '35250420103',75, '3'),
(305, '35250420104',75, '4'),
(306, '35250420111',76, '1'),
(307, '35250420112',76, '2'),
(308, '35250420113',76, '3'),
(309, '35250420114',76, '4'),
(310, '35250420121',77, '1'),
(311, '35250420122',77, '2'),
(312, '35250420123',77, '3'),
(313, '35250420124',77, '4'),
(314, '35250420125',77, '5'),
(315, '35250420126',77, '6'),
(316, '35250420127',77, '7'),
(317, '35250420131',78, '1'),
(318, '35250420132',78, '2'),
(319, '35250420133',78, '3'),
(320, '35250420141',79, '1'),
(321, '35250420142',79, '2'),
(322, '35250420143',79, '3'),
(323, '35250420144',79, '4'),
(324, '35250420145',79, '5'),
(325, '35250420151',80, '1'),
(326, '35250420152',80, '2'),
(327, '35250420153',80, '3'),
(328, '35250420154',80, '4'),
(329, '35250420155',80, '5'),
(330, '35250420156',80, '6'),
(331, '35250420157',80, '7'),
(332, '35250420161',81, '1'),
(333, '35250420162',81, '2'),
(334, '35250420171',82, '1'),
(335, '35250420172',82, '2'),
(336, '35250420173',82, '3'),
(337, '35250420181',83, '1'),
(338, '35250420182',83, '2'),
(339, '35250420183',83, '3'),
(340, '35250420184',83, '4'),
(341, '35250420185',83, '5'),
(342, '35250420191',84, '1'),
(343, '35250420192',84, '2'),
(344, '35250420193',84, '3'),
(345, '35250420201',85, '1'),
(346, '35250420202',85, '2'),
(347, '35250420203',85, '3'),
(348, '35250420204',85, '4'),
(349, '35250420205',85, '5'),
(350, '35250420206',85, '6'),
(351, '35250420211',86, '1'),
(352, '35250420212',86, '2'),
(353, '35250420213',86, '3'),
(354, '35250420214',86, '4'),
(355, '35250420215',86, '5'),
(356, '35250420221',87, '1'),
(357, '35250420222',87, '2'),
(358, '35250420223',87, '3'),
(359, '35250420224',87, '4'),
(360, '35250420225',87, '5'),
(361, '35250420231',88, '1'),
(362, '35250420232',88, '2'),
(363, '35250420233',88, '3'),
(364, '35250420234',88, '4'),
(365, '35250520011',89, '1'),
(366, '35250520012',89, '2'),
(367, '35250520021',90, '1'),
(368, '35250520031',91, '1'),
(369, '35250520032',91, '2'),
(370, '35250520033',91, '3'),
(371, '35250520041',92, '1'),
(372, '35250520042',92, '2'),
(373, '35250520043',92, '3'),
(374, '35250520044',92, '4'),
(375, '35250520051',93, '1'),
(376, '35250520052',93, '2'),
(377, '35250520053',93, '3'),
(378, '35250520054',93, '4'),
(379, '35250520055',93, '5'),
(380, '35250520056',93, '6'),
(381, '35250520057',93, '7'),
(382, '35250520058',93, '8'),
(383, '35250520061',94, '1'),
(384, '35250520062',94, '2'),
(385, '35250520071',95, '1'),
(386, '35250520072',95, '2'),
(387, '35250520081',96, '1'),
(388, '35250520082',96, '2'),
(389, '35250520083',96, '3'),
(390, '35250520084',96, '4'),
(391, '35250520091',97, '1'),
(392, '35250520101',98, '1'),
(393, '35250520102',98, '2'),
(394, '35250520103',98, '3'),
(395, '35250520104',98, '4'),
(396, '35250520105',98, '5'),
(397, '35250520111',99, '1'),
(398, '35250520112',99, '2'),
(399, '35250520121',100, '1'),
(400, '35250520122',100, '2'),
(401, '35250520123',100, '3'),
(402, '35250520131',101, '1'),
(403, '35250520132',101, '2'),
(404, '35250520133',101, '3'),
(405, '35250520134',101, '4'),
(406, '35250520135',101, '5'),
(407, '35250520141',102, '1'),
(408, '35250520142',102, '2'),
(409, '35250520143',102, '3'),
(410, '35250520144',102, '4'),
(411, '35250520145',102, '5'),
(412, '35250520151',103, '1'),
(413, '35250520152',103, '2'),
(414, '35250520153',103, '3'),
(415, '35250520154',103, '4'),
(416, '35250520161',104, '1'),
(417, '35250520162',104, '2'),
(418, '35250520171',105, '1'),
(419, '35250520172',105, '2'),
(420, '35250520173',105, '3'),
(421, '35250520174',105, '4'),
(422, '35250520175',105, '5'),
(423, '35250520176',105, '6'),
(424, '35250520177',105, '7'),
(425, '35250520181',106, '1'),
(426, '35250520182',106, '2'),
(427, '35250520183',106, '3'),
(428, '35250520191',107, '1'),
(429, '35250520192',107, '2'),
(430, '35250520201',108, '1'),
(431, '35250520202',108, '2'),
(432, '35250520211',109, '1'),
(433, '35250520212',109, '2'),
(434, '35250520213',109, '3'),
(435, '35250520221',110, '1'),
(436, '35250520222',110, '2'),
(437, '35250520231',111, '1'),
(438, '35250520232',111, '2'),
(439, '35250520233',111, '3'),
(440, '35250520234',111, '4'),
(441, '35250520235',111, '5'),
(442, '35250520236',111, '6'),
(443, '35250620011',112, '1'),
(444, '35250620012',112, '2'),
(445, '35250620013',112, '3'),
(446, '35250620014',112, '4'),
(447, '35250620015',112, '5'),
(448, '35250620016',112, '6'),
(449, '35250620021',113, '1'),
(450, '35250620022',113, '2'),
(451, '35250620023',113, '3'),
(452, '35250620031',114, '1'),
(453, '35250620032',114, '2'),
(454, '35250620033',114, '3'),
(455, '35250620041',115, '1'),
(456, '35250620042',115, '2'),
(457, '35250620043',115, '3'),
(458, '35250620044',115, '4'),
(459, '35250620051',116, '1'),
(460, '35250620052',116, '2'),
(461, '35250620053',116, '3'),
(462, '35250620054',116, '4'),
(463, '35250620055',116, '5'),
(464, '35250620056',116, '6'),
(465, '35250620061',117, '1'),
(466, '35250620062',117, '2'),
(467, '35250620063',117, '3'),
(468, '35250620064',117, '4'),
(469, '35250620065',117, '5'),
(470, '35250620066',117, '6'),
(471, '35250620067',117, '7'),
(472, '35250620068',117, '8'),
(473, '35250620071',118, '1'),
(474, '35250620072',118, '2'),
(475, '35250620073',118, '3'),
(476, '35250620074',118, '4'),
(477, '35250620075',118, '5'),
(478, '35250620076',118, '6'),
(479, '35250620081',119, '1'),
(480, '35250620082',119, '2'),
(481, '35250620083',119, '3'),
(482, '35250620084',119, '4'),
(483, '35250620085',119, '5'),
(484, '35250620086',119, '6'),
(485, '35250620087',119, '7'),
(486, '35250620091',120, '1'),
(487, '35250620092',120, '2'),
(488, '35250620093',120, '3'),
(489, '35250620094',120, '4'),
(490, '35250620095',120, '5'),
(491, '35250620096',120, '6'),
(492, '35250620101',121, '1'),
(493, '35250620102',121, '2'),
(494, '35250620103',121, '3'),
(495, '35250620104',121, '4'),
(496, '35250620105',121, '5'),
(497, '35250620106',121, '6'),
(498, '35250620107',121, '7'),
(499, '35250620111',122, '1'),
(500, '35250620112',122, '2'),
(501, '35250620113',122, '3'),
(502, '35250620114',122, '4'),
(503, '35250620115',122, '5'),
(504, '35250620116',122, '6'),
(505, '35250620121',123, '1'),
(506, '35250620122',123, '2'),
(507, '35250620123',123, '3'),
(508, '35250620124',123, '4'),
(509, '35250620125',123, '5'),
(510, '35250620126',123, '6'),
(511, '35250620131',124, '1'),
(512, '35250620132',124, '2'),
(513, '35250620133',124, '3'),
(514, '35250620134',124, '4'),
(515, '35250620135',124, '5'),
(516, '35250620141',125, '1'),
(517, '35250620142',125, '2'),
(518, '35250620143',125, '3'),
(519, '35250620144',125, '4'),
(520, '35250620145',125, '5'),
(521, '35250620146',125, '6'),
(522, '35250620147',125, '7'),
(523, '35250620148',125, '8'),
(524, '35250620151',126, '1'),
(525, '35250620152',126, '2'),
(526, '35250620153',126, '3'),
(527, '35250620154',126, '4'),
(528, '35250620155',126, '5'),
(529, '35250620156',126, '6'),
(530, '35250620157',126, '7'),
(531, '35250620158',126, '8'),
(532, '35250620159',126, '9'),
(533, '35250620161',127, '1'),
(534, '35250620162',127, '2'),
(535, '35250620163',127, '3'),
(536, '35250620164',127, '4'),
(537, '35250620165',127, '5'),
(538, '35250620166',127, '6'),
(539, '35250620167',127, '7'),
(540, '35250620168',127, '8'),
(541, '35250720011',128, '1'),
(542, '35250720012',128, '2'),
(543, '35250720013',128, '3'),
(544, '35250720014',128, '4'),
(545, '35250720015',128, '5'),
(546, '35250720016',128, '6'),
(547, '35250720017',128, '7'),
(548, '35250720018',128, '8'),
(549, '35250720019',128, '9'),
(550, '352507200110',128, '10'),
(551, '352507200111',128, '11'),
(552, '35250720021',129, '1'),
(553, '35250720022',129, '2'),
(554, '35250720023',129, '3'),
(555, '35250720024',129, '4'),
(556, '35250720031',130, '1'),
(557, '35250720032',130, '2'),
(558, '35250720033',130, '3'),
(559, '35250720034',130, '4'),
(560, '35250720041',131, '1'),
(561, '35250720042',131, '2'),
(562, '35250720043',131, '3'),
(563, '35250720044',131, '4'),
(564, '35250720045',131, '5'),
(565, '35250720046',131, '6'),
(566, '35250720047',131, '7'),
(567, '35250720051',132, '1'),
(568, '35250720052',132, '2'),
(569, '35250720053',132, '3'),
(570, '35250720054',132, '4'),
(571, '35250720061',133, '1'),
(572, '35250720062',133, '2'),
(573, '35250720063',133, '3'),
(574, '35250720064',133, '4'),
(575, '35250720065',133, '5'),
(576, '35250720066',133, '6'),
(577, '35250720067',133, '7'),
(578, '35250720068',133, '8'),
(579, '35250720069',133, '9'),
(580, '35250720071',134, '1'),
(581, '35250720072',134, '2'),
(582, '35250720081',135, '1'),
(583, '35250720082',135, '2'),
(584, '35250720083',135, '3'),
(585, '35250720084',135, '4'),
(586, '35250720085',135, '5'),
(587, '35250720086',135, '6'),
(588, '35250720087',135, '7'),
(589, '35250720088',135, '8'),
(590, '35250720089',135, '9'),
(591, '352507200810',135, '10'),
(592, '352507200811',135, '11'),
(593, '352507200812',135, '12'),
(594, '352507200813',135, '13'),
(595, '35250720091',136, '1'),
(596, '35250720092',136, '2'),
(597, '35250720093',136, '3'),
(598, '35250720094',136, '4'),
(599, '35250720095',136, '5'),
(600, '35250720101',137, '1'),
(601, '35250720102',137, '2'),
(602, '35250720103',137, '3'),
(603, '35250720111',138, '1'),
(604, '35250720112',138, '2'),
(605, '35250720113',138, '3'),
(606, '35250720114',138, '4'),
(607, '35250720121',139, '1'),
(608, '35250720122',139, '2'),
(609, '35250720123',139, '3'),
(610, '35250720131',140, '1'),
(611, '35250720132',140, '2'),
(612, '35250720133',140, '3'),
(613, '35250820011',141, '1'),
(614, '35250820012',141, '2'),
(615, '35250820013',141, '3'),
(616, '35250820014',141, '4'),
(617, '35250820015',141, '5'),
(618, '35250820021',142, '1'),
(619, '35250820022',142, '2'),
(620, '35250820023',142, '3'),
(621, '35250820024',142, '4'),
(622, '35250820025',142, '5'),
(623, '35250820031',143, '1'),
(624, '35250820032',143, '2'),
(625, '35250820033',143, '3'),
(626, '35250820034',143, '4'),
(627, '35250820035',143, '5'),
(628, '35250820036',143, '6'),
(629, '35250820037',143, '7'),
(630, '35250820038',143, '8'),
(631, '35250820041',144, '1'),
(632, '35250820042',144, '2'),
(633, '35250820043',144, '3'),
(634, '35250820044',144, '4'),
(635, '35250820051',145, '1'),
(636, '35250820052',145, '2'),
(637, '35250820053',145, '3'),
(638, '35250820061',146, '1'),
(639, '35250820062',146, '2'),
(640, '35250820063',146, '3'),
(641, '35250820064',146, '4'),
(642, '35250820065',146, '5'),
(643, '35250820066',146, '6'),
(644, '35250820071',147, '1'),
(645, '35250820072',147, '2'),
(646, '35250820073',147, '3'),
(647, '35250820074',147, '4'),
(648, '35250820075',147, '5'),
(649, '35250820076',147, '6'),
(650, '35250820077',147, '7'),
(651, '35250820078',147, '8'),
(652, '35250820079',147, '9'),
(653, '352508200710',147, '10'),
(654, '35250820081',148, '1'),
(655, '35250820082',148, '2'),
(656, '35250820083',148, '3'),
(657, '35250820084',148, '4'),
(658, '35250820085',148, '5'),
(659, '35250820086',148, '6'),
(660, '35250820091',149, '1'),
(661, '35250820092',149, '2'),
(662, '35250820093',149, '3'),
(663, '35250820094',149, '4'),
(664, '35250820095',149, '5'),
(665, '35250820101',150, '1'),
(666, '35250820102',150, '2'),
(667, '35250820103',150, '3'),
(668, '35250820104',150, '4'),
(669, '35250820105',150, '5'),
(670, '35250820106',150, '6'),
(671, '35250820107',150, '7'),
(672, '35250820111',151, '1'),
(673, '35250820112',151, '2'),
(674, '35250820113',151, '3'),
(675, '35250820114',151, '4'),
(676, '35250820115',151, '5'),
(677, '35250820116',151, '6'),
(678, '35250820121',152, '1'),
(679, '35250820122',152, '2'),
(680, '35250820123',152, '3'),
(681, '35250820131',153, '1'),
(682, '35250820132',153, '2'),
(683, '35250820133',153, '3'),
(684, '35250820134',153, '4'),
(685, '35250820135',153, '5'),
(686, '35250820136',153, '6'),
(687, '35250820137',153, '7'),
(688, '35250820138',153, '8'),
(689, '35250820139',153, '9'),
(690, '352508201310',153, '10'),
(691, '352508201311',153, '11'),
(692, '35250820141',154, '1'),
(693, '35250820142',154, '2'),
(694, '35250820143',154, '3'),
(695, '35250820144',154, '4'),
(696, '35250820145',154, '5'),
(697, '35250820146',154, '6'),
(698, '35250820147',154, '7'),
(699, '35250820148',154, '8'),
(700, '35250820151',155, '1'),
(701, '35250820152',155, '2'),
(702, '35250820153',155, '3'),
(703, '35250820154',155, '4'),
(704, '35250820155',155, '5'),
(705, '35250920011',156, '1'),
(706, '35250920012',156, '2'),
(707, '35250920013',156, '3'),
(708, '35250920021',157, '1'),
(709, '35250920022',157, '2'),
(710, '35250920023',157, '3'),
(711, '35250920024',157, '4'),
(712, '35250920031',158, '1'),
(713, '35250920032',158, '2'),
(714, '35250920033',158, '3'),
(715, '35250920034',158, '4'),
(716, '35250920035',158, '5'),
(717, '35250920036',158, '6'),
(718, '35250920037',158, '7'),
(719, '35250920038',158, '8'),
(720, '35250920039',158, '9'),
(721, '35250920041',159, '1'),
(722, '35250920042',159, '2'),
(723, '35250920043',159, '3'),
(724, '35250920044',159, '4'),
(725, '35250920051',160, '1'),
(726, '35250920052',160, '2'),
(727, '35250920053',160, '3'),
(728, '35250920054',160, '4'),
(729, '35250920061',161, '1'),
(730, '35250920071',162, '1'),
(731, '35250920081',163, '1'),
(732, '35250920082',163, '2'),
(733, '35250920083',163, '3'),
(734, '35250920084',163, '4'),
(735, '35250920085',163, '5'),
(736, '35250920086',163, '6'),
(737, '35250920087',163, '7'),
(738, '35250920091',164, '1'),
(739, '35250920092',164, '2'),
(740, '35250920093',164, '3'),
(741, '35250920101',165, '1'),
(742, '35250920102',165, '2'),
(743, '35250920103',165, '3'),
(744, '35250920111',166, '1'),
(745, '35250920112',166, '2'),
(746, '35250920121',167, '1'),
(747, '35250920122',167, '2'),
(748, '35250920131',168, '1'),
(749, '35250920141',169, '1'),
(750, '35250920142',169, '2'),
(751, '35250920151',170, '1'),
(752, '35250920152',170, '2'),
(753, '35250920161',171, '1'),
(754, '35250920162',171, '2'),
(755, '35250920163',171, '3'),
(756, '35250920171',172, '1'),
(757, '35250920181',173, '1'),
(758, '35250920182',173, '2'),
(759, '35250920191',174, '1'),
(760, '35250920192',174, '2'),
(761, '35250920193',174, '3'),
(762, '35250920194',174, '4'),
(763, '35250920201',175, '1'),
(764, '35250920211',176, '1'),
(765, '35250920212',176, '2'),
(766, '35250920213',176, '3'),
(767, '35250920214',176, '4'),
(768, '35250920215',176, '5'),
(769, '35250920216',176, '6'),
(770, '35251020011',177, '1'),
(771, '35251020012',177, '2'),
(772, '35251020013',177, '3'),
(773, '35251020014',177, '4'),
(774, '35251020021',178, '1'),
(775, '35251020022',178, '2'),
(776, '35251020031',179, '1'),
(777, '35251020032',179, '2'),
(778, '35251020041',180, '1'),
(779, '35251020042',180, '2'),
(780, '35251020043',180, '3'),
(781, '35251020044',180, '4'),
(782, '35251020045',180, '5'),
(783, '35251020051',181, '1'),
(784, '35251020061',182, '1'),
(785, '35251020062',182, '2'),
(786, '35251020071',183, '1'),
(787, '35251020072',183, '2'),
(788, '35251020073',183, '3'),
(789, '35251020074',183, '4'),
(790, '35251020081',184, '1'),
(791, '35251020082',184, '2'),
(792, '35251020083',184, '3'),
(793, '35251020084',184, '4'),
(794, '35251020085',184, '5'),
(795, '35251020086',184, '6'),
(796, '35251020087',184, '7'),
(797, '35251020088',184, '8'),
(798, '35251020089',184, '9'),
(799, '35251020091',185, '1'),
(800, '35251020092',185, '2'),
(801, '35251020093',185, '3'),
(802, '35251020101',186, '1'),
(803, '35251020102',186, '2'),
(804, '35251020103',186, '3'),
(805, '35251020104',186, '4'),
(806, '35251020105',186, '5'),
(807, '35251020106',186, '6'),
(808, '35251020107',186, '7'),
(809, '35251020111',187, '1'),
(810, '35251020112',187, '2'),
(811, '35251020113',187, '3'),
(812, '35251020114',187, '4'),
(813, '35251020121',188, '1'),
(814, '35251020122',188, '2'),
(815, '35251020123',188, '3'),
(816, '35251020124',188, '4'),
(817, '35251020125',188, '5'),
(818, '35251020126',188, '6'),
(819, '35251020127',188, '7'),
(820, '35251020131',189, '1'),
(821, '35251020132',189, '2'),
(822, '35251020133',189, '3'),
(823, '35251020141',190, '1'),
(824, '35251020142',190, '2'),
(825, '35251020143',190, '3'),
(826, '35251020144',190, '4'),
(827, '35251020145',190, '5'),
(828, '35251020146',190, '6'),
(829, '35251020151',191, '1'),
(830, '35251020152',191, '2'),
(831, '35251020153',191, '3'),
(832, '35251020154',191, '4'),
(833, '35251020161',192, '1'),
(834, '35251020162',192, '2'),
(835, '35251020163',192, '3'),
(836, '35251020164',192, '4'),
(837, '35251020165',192, '5'),
(838, '35251020171',193, '1'),
(839, '35251020172',193, '2'),
(840, '35251020173',193, '3'),
(841, '35251020174',193, '4'),
(842, '35251020175',193, '5'),
(843, '35251020176',193, '6'),
(844, '35251020171',193, '1'),
(845, '35251020172',193, '2'),
(846, '35251020173',193, '3'),
(847, '35251020174',193, '4'),
(848, '35251020175',193, '5'),
(849, '35251020176',193, '6'),
(850, '35251020177',193, '7'),
(851, '35251020178',193, '8'),
(852, '35251020179',193, '9'),
(853, '352510201710',193, '10'),
(854, '352510201711',193, '11'),
(855, '352510201712',193, '12'),
(856, '352510201713',193, '13'),
(857, '352510201714',193, '14'),
(858, '352510201715',193, '15'),
(859, '352510201716',193, '16'),
(860, '352510201717',193, '17'),
(861, '352510201718',193, '18'),
(862, '352510201719',193, '19'),
(863, '352510201720',193, '20'),
(864, '352510201721',193, '21'),
(865, '352510201722',193, '22'),
(866, '352510201723',193, '23'),
(867, '352510201724',193, '24'),
(868, '352510201725',193, '25'),
(869, '35251020191',195, '1'),
(870, '35251020192',195, '2'),
(871, '35251020193',195, '3'),
(872, '35251020194',195, '4'),
(873, '35251020195',195, '5'),
(874, '35251020196',195, '6'),
(875, '35251020197',195, '7'),
(876, '35251020198',195, '8'),
(877, '35251020199',195, '9'),
(878, '35251020191',195, '1'),
(879, '35251020192',195, '2'),
(880, '35251020193',195, '3'),
(881, '35251020194',195, '4'),
(882, '35251020195',195, '5'),
(883, '35251020196',195, '6'),
(884, '35251020197',195, '7'),
(885, '35251020198',195, '8'),
(886, '35251020199',195, '9'),
(887, '352510201910',195, '10'),
(888, '352510201911',195, '11'),
(889, '352510201912',195, '12'),
(890, '352510201913',195, '13'),
(891, '35251020211',197, '1'),
(892, '35251020212',197, '2'),
(893, '35251020213',197, '3'),
(894, '35251020214',197, '4'),
(895, '35251020215',197, '5'),
(896, '35251020216',197, '6'),
(897, '35251020217',197, '7'),
(898, '35251020218',197, '8'),
(899, '35251020219',197, '9'),
(900, '352510202110',197, '10'),
(901, '352510202111',197, '11'),
(902, '352510202112',197, '12'),
(903, '352510202113',197, '13'),
(904, '35251020221',198, '1'),
(905, '35251020222',198, '2'),
(906, '35251020223',198, '3'),
(907, '35251020224',198, '4'),
(908, '35251020225',198, '5'),
(909, '35251020226',198, '6'),
(910, '35251020227',198, '7'),
(911, '35251020228',198, '8'),
(912, '35251020229',198, '9'),
(913, '352510202210',198, '10'),
(914, '352510202211',198, '11'),
(915, '352510202212',198, '12'),
(916, '352510202213',198, '13'),
(917, '352510202214',198, '14'),
(918, '352510202215',198, '15'),
(919, '352510202216',198, '16'),
(920, '352510202217',198, '17'),
(921, '35251020231',199, '1'),
(922, '35251020232',199, '2'),
(923, '35251020233',199, '3'),
(924, '35251020234',199, '4'),
(925, '35251020235',199, '5'),
(926, '35251020236',199, '6'),
(927, '35251020237',199, '7'),
(928, '35251120011',200, '1'),
(929, '35251120012',200, '2'),
(930, '35251120013',200, '3'),
(931, '35251120021',201, '1'),
(932, '35251120022',201, '2'),
(933, '35251120031',202, '1'),
(934, '35251120032',202, '2'),
(935, '35251120033',202, '3'),
(936, '35251120034',202, '4'),
(937, '35251120035',202, '5'),
(938, '35251120036',202, '6'),
(939, '35251120041',203, '1'),
(940, '35251120042',203, '2'),
(941, '35251120051',204, '1'),
(942, '35251120052',204, '2'),
(943, '35251120061',205, '1'),
(944, '35251120062',205, '2'),
(945, '35251120063',205, '3'),
(946, '35251120064',205, '4'),
(947, '35251120071',206, '1'),
(948, '35251120072',206, '2'),
(949, '35251120073',206, '3'),
(950, '35251120074',206, '4'),
(951, '35251120075',206, '5'),
(952, '35251120081',207, '1'),
(953, '35251120082',207, '2'),
(954, '35251120083',207, '3'),
(955, '35251120084',207, '4'),
(956, '35251120085',207, '5'),
(957, '35251120086',207, '6'),
(958, '35251120087',207, '7'),
(959, '35251120088',207, '8'),
(960, '35251120089',207, '9'),
(961, '35251120091',208, '1'),
(962, '35251120092',208, '2'),
(963, '35251120093',208, '3'),
(964, '35251120094',208, '4'),
(965, '35251120095',208, '5'),
(966, '35251120101',209, '1'),
(967, '35251120102',209, '2'),
(968, '35251120103',209, '3'),
(969, '35251120104',209, '4'),
(970, '35251120105',209, '5'),
(971, '35251120111',210, '1'),
(972, '35251120112',210, '2'),
(973, '35251120113',210, '3'),
(974, '35251120114',210, '4'),
(975, '35251120121',211, '1'),
(976, '35251120122',211, '2'),
(977, '35251120123',211, '3'),
(978, '35251120124',211, '4'),
(979, '35251120131',212, '1'),
(980, '35251120132',212, '2'),
(981, '35251120133',212, '3'),
(982, '35251120134',212, '4'),
(983, '35251120135',212, '5'),
(984, '35251120141',213, '1'),
(985, '35251120142',213, '2'),
(986, '35251120143',213, '3'),
(987, '35251120144',213, '4'),
(988, '35251120145',213, '5'),
(989, '35251120146',213, '6'),
(990, '35251120147',213, '7'),
(991, '35251120151',214, '1'),
(992, '35251120152',214, '2'),
(993, '35251120153',214, '3'),
(994, '35251120154',214, '4'),
(995, '35251120155',214, '5'),
(996, '35251120156',214, '6'),
(997, '35251120157',214, '7'),
(998, '35251120158',214, '8'),
(999, '35251120161',215, '1'),
(1000, '35251120162',215, '2'),
(1001, '35251120163',215, '3'),
(1002, '35251120164',215, '4'),
(1003, '35251120171',216, '1'),
(1004, '35251120172',216, '2'),
(1005, '35251120173',216, '3'),
(1006, '35251120174',216, '4'),
(1007, '35251120181',217, '1'),
(1008, '35251120182',217, '2'),
(1009, '35251120183',217, '3'),
(1010, '35251120184',217, '4'),
(1011, '35251120191',218, '1'),
(1012, '35251120192',218, '2'),
(1013, '35251120193',218, '3'),
(1014, '35251120201',219, '1'),
(1015, '35251120202',219, '2'),
(1016, '35251120203',219, '3'),
(1017, '35251120204',219, '4'),
(1018, '35251120205',219, '5'),
(1019, '35251120206',219, '6'),
(1020, '35251120207',219, '7'),
(1021, '35251120208',219, '8'),
(1022, '35251120211',220, '1'),
(1023, '35251120212',220, '2'),
(1024, '35251120213',220, '3'),
(1025, '35251120214',220, '4'),
(1026, '35251120215',220, '5'),
(1027, '35251120216',220, '6'),
(1028, '35251120221',221, '1'),
(1029, '35251120222',221, '2'),
(1030, '35251120223',221, '3'),
(1031, '35251120231',222, '1'),
(1032, '35251120232',222, '2'),
(1033, '35251120233',222, '3'),
(1034, '35251120234',222, '4'),
(1035, '35251120235',222, '5'),
(1036, '35251120236',222, '6'),
(1037, '35251120237',222, '7'),
(1038, '35251120238',222, '8'),
(1039, '35251120239',222, '9'),
(1040, '352511202310',222, '10'),
(1041, '352511202311',222, '11'),
(1042, '3525112023901',222, '901'),
(1043, '3525112023902',222, '902'),
(1044, '35251120241',223, '1'),
(1045, '35251120242',223, '2'),
(1046, '35251120243',223, '3'),
(1047, '35251120251',224, '1'),
(1048, '35251120252',224, '2'),
(1049, '35251120253',224, '3'),
(1050, '35251220011',225, '1'),
(1051, '35251220012',225, '2'),
(1052, '35251220013',225, '3'),
(1053, '35251220021',226, '1'),
(1054, '35251220022',226, '2'),
(1055, '35251220023',226, '3'),
(1056, '35251220024',226, '4'),
(1057, '35251220025',226, '5'),
(1058, '35251220026',226, '6'),
(1059, '35251220031',227, '1'),
(1060, '35251220032',227, '2'),
(1061, '35251220033',227, '3'),
(1062, '35251220034',227, '4'),
(1063, '35251220041',228, '1'),
(1064, '35251220042',228, '2'),
(1065, '35251220043',228, '3'),
(1066, '35251220044',228, '4'),
(1067, '35251220045',228, '5'),
(1068, '35251220046',228, '6'),
(1069, '35251220047',228, '7'),
(1070, '35251220048',228, '8'),
(1071, '35251220051',229, '1'),
(1072, '35251220052',229, '2'),
(1073, '35251220061',230, '1'),
(1074, '35251220062',230, '2'),
(1075, '35251220071',231, '1'),
(1076, '35251220072',231, '2'),
(1077, '35251220073',231, '3'),
(1078, '35251220074',231, '4'),
(1079, '35251220075',231, '5'),
(1080, '35251220081',232, '1'),
(1081, '35251220082',232, '2'),
(1082, '35251220091',233, '1'),
(1083, '35251220092',233, '2'),
(1084, '35251220101',234, '1'),
(1085, '35251220102',234, '2'),
(1086, '35251220111',235, '1'),
(1087, '35251220112',235, '2'),
(1088, '35251220113',235, '3'),
(1089, '35251220121',236, '1'),
(1090, '35251220122',236, '2'),
(1091, '35251220123',236, '3'),
(1092, '35251220124',236, '4'),
(1093, '35251220125',236, '5'),
(1094, '35251220126',236, '6'),
(1095, '35251220127',236, '7'),
(1096, '35251220128',236, '8'),
(1097, '35251220129',236, '9'),
(1098, '352512201210',236, '10'),
(1099, '35251220131',237, '1'),
(1100, '35251220132',237, '2'),
(1101, '35251220133',237, '3'),
(1102, '35251220141',238, '1'),
(1103, '35251220142',238, '2'),
(1104, '35251220143',238, '3'),
(1105, '35251220151',239, '1'),
(1106, '35251220152',239, '2'),
(1107, '35251220153',239, '3'),
(1108, '35251220154',239, '4'),
(1109, '35251220161',240, '1'),
(1110, '35251220162',240, '2'),
(1111, '35251220163',240, '3'),
(1112, '35251220164',240, '4'),
(1113, '35251220171',241, '1'),
(1114, '35251220172',241, '2'),
(1115, '35251220173',241, '3'),
(1116, '35251220174',241, '4'),
(1117, '35251220175',241, '5'),
(1118, '35251220181',242, '1'),
(1119, '35251220182',242, '2'),
(1120, '35251220183',242, '3'),
(1121, '35251220184',242, '4'),
(1122, '35251220185',242, '5'),
(1123, '35251220191',243, '1'),
(1124, '35251220192',243, '2'),
(1125, '35251220193',243, '3'),
(1126, '35251220194',243, '4'),
(1127, '35251220195',243, '5'),
(1128, '35251220196',243, '6'),
(1129, '35251220197',243, '7'),
(1130, '35251220201',244, '1'),
(1131, '35251220202',244, '2'),
(1132, '35251220203',244, '3'),
(1133, '35251220204',244, '4'),
(1134, '35251220205',244, '5'),
(1135, '35251220206',244, '6'),
(1136, '35251220211',245, '1'),
(1137, '35251220212',245, '2'),
(1138, '35251220213',245, '3'),
(1139, '35251220214',245, '4'),
(1140, '35251220221',246, '1'),
(1141, '35251220222',246, '2'),
(1142, '35251220223',246, '3'),
(1143, '35251220224',246, '4'),
(1144, '35251320011',247, '1'),
(1145, '35251320012',247, '2'),
(1146, '35251320013',247, '3'),
(1147, '35251320014',247, '4'),
(1148, '35251320015',247, '5'),
(1149, '35251320021',248, '1'),
(1150, '35251320022',248, '2'),
(1151, '35251320023',248, '3'),
(1152, '35251320024',248, '4'),
(1153, '35251320025',248, '5'),
(1154, '35251320031',249, '1'),
(1155, '35251320032',249, '2'),
(1156, '35251320033',249, '3'),
(1157, '35251320034',249, '4'),
(1158, '35251320035',249, '5'),
(1159, '35251320036',249, '6'),
(1160, '35251320037',249, '7'),
(1161, '35251320038',249, '8'),
(1162, '35251320041',250, '1'),
(1163, '35251320042',250, '2'),
(1164, '35251320043',250, '3'),
(1165, '35251320044',250, '4'),
(1166, '35251320045',250, '5'),
(1167, '35251320046',250, '6'),
(1168, '35251320047',250, '7'),
(1169, '35251320051',251, '1'),
(1170, '35251320052',251, '2'),
(1171, '35251320053',251, '3'),
(1172, '35251320054',251, '4'),
(1173, '35251320055',251, '5'),
(1174, '35251320056',251, '6'),
(1175, '35251320057',251, '7'),
(1176, '35251320058',251, '8'),
(1177, '35251320059',251, '9'),
(1178, '35251320061',252, '1'),
(1179, '35251320062',252, '2'),
(1180, '35251320063',252, '3'),
(1181, '35251320064',252, '4'),
(1182, '35251320065',252, '5'),
(1183, '35251320071',253, '1'),
(1184, '35251320072',253, '2'),
(1185, '35251320073',253, '3'),
(1186, '35251320074',253, '4'),
(1187, '35251320075',253, '5'),
(1188, '35251320076',253, '6'),
(1189, '35251320077',253, '7'),
(1190, '35251320078',253, '8'),
(1191, '35251320081',254, '1'),
(1192, '35251320082',254, '2'),
(1193, '35251320083',254, '3'),
(1194, '35251320084',254, '4'),
(1195, '35251320085',254, '5'),
(1196, '35251320091',255, '1'),
(1197, '35251320092',255, '2'),
(1198, '35251320093',255, '3'),
(1199, '35251320094',255, '4'),
(1200, '35251320095',255, '5'),
(1201, '35251320101',256, '1'),
(1202, '35251320102',256, '2'),
(1203, '35251320103',256, '3'),
(1204, '35251320104',256, '4'),
(1205, '35251320105',256, '5'),
(1206, '35251320106',256, '6'),
(1207, '35251320107',256, '7'),
(1208, '35251320108',256, '8'),
(1209, '35251320109',256, '9'),
(1210, '352513201010',256, '10'),
(1211, '35251320111',257, '1'),
(1212, '35251320112',257, '2'),
(1213, '35251320113',257, '3'),
(1214, '35251320114',257, '4'),
(1215, '35251320121',258, '1'),
(1216, '35251320122',258, '2'),
(1217, '35251320123',258, '3'),
(1218, '35251320124',258, '4'),
(1219, '35251320125',258, '5'),
(1220, '35251320126',258, '6'),
(1221, '35251320127',258, '7'),
(1222, '35251320128',258, '8'),
(1223, '35251320131',259, '1'),
(1224, '35251320132',259, '2'),
(1225, '35251320133',259, '3'),
(1226, '35251320134',259, '4'),
(1227, '35251320135',259, '5'),
(1228, '35251320136',259, '6'),
(1229, '35251320137',259, '7'),
(1230, '35251320138',259, '8'),
(1231, '35251320139',259, '9'),
(1232, '352513201310',259, '10'),
(1233, '352513201311',259, '11'),
(1234, '352513201312',259, '12'),
(1235, '352513201313',259, '13'),
(1236, '35251320141',260, '1'),
(1237, '35251320142',260, '2'),
(1238, '35251320143',260, '3'),
(1239, '35251320144',260, '4'),
(1240, '35251320145',260, '5'),
(1241, '35251320146',260, '6'),
(1242, '35251320147',260, '7'),
(1243, '35251320148',260, '8'),
(1244, '35251320149',260, '9'),
(1245, '352513201410',260, '10'),
(1246, '352513201411',260, '11'),
(1247, '35251320151',261, '1'),
(1248, '35251320152',261, '2'),
(1249, '35251320153',261, '3'),
(1250, '35251320154',261, '4'),
(1251, '35251320155',261, '5'),
(1252, '35251320156',261, '6'),
(1253, '35251320157',261, '7'),
(1254, '35251320158',261, '8'),
(1255, '35251320159',261, '9'),
(1256, '352513201510',261, '10'),
(1257, '35251320161',262, '1'),
(1258, '35251320162',262, '2'),
(1259, '35251320163',262, '3'),
(1260, '35251320164',262, '4'),
(1261, '35251320165',262, '5'),
(1262, '35251320166',262, '6'),
(1263, '35251320167',262, '7'),
(1264, '35251320168',262, '8'),
(1265, '35251320169',262, '9'),
(1266, '352513201610',262, '10'),
(1267, '352513201611',262, '11'),
(1268, '352513201612',262, '12'),
(1269, '35251320171',263, '1'),
(1270, '35251320172',263, '2'),
(1271, '35251320173',263, '3'),
(1272, '35251320174',263, '4'),
(1273, '35251320175',263, '5'),
(1274, '35251320176',263, '6'),
(1275, '35251320181',264, '1'),
(1276, '35251320182',264, '2'),
(1277, '35251320183',264, '3'),
(1278, '35251320184',264, '4'),
(1279, '35251320185',264, '5'),
(1280, '35251320186',264, '6'),
(1281, '35251320187',264, '7'),
(1282, '35251320188',264, '8'),
(1283, '35251320189',264, '9'),
(1284, '352513201810',264, '10'),
(1285, '35251320191',265, '1'),
(1286, '35251320192',265, '2'),
(1287, '35251320193',265, '3'),
(1288, '35251320194',265, '4'),
(1289, '35251320195',265, '5'),
(1290, '35251320196',265, '6'),
(1291, '35251320201',266, '1'),
(1292, '35251320202',266, '2'),
(1293, '35251320203',266, '3'),
(1294, '35251320204',266, '4'),
(1295, '35251320205',266, '5'),
(1296, '35251320206',266, '6'),
(1297, '35251320207',266, '7'),
(1298, '35251320208',266, '8'),
(1299, '35251320211',267, '1'),
(1300, '35251320212',267, '2'),
(1301, '35251320213',267, '3'),
(1302, '35251320214',267, '4'),
(1303, '35251320215',267, '5'),
(1304, '35251320216',267, '6'),
(1305, '35251320217',267, '7'),
(1306, '35251320218',267, '8'),
(1307, '35251320221',268, '1'),
(1308, '35251320222',268, '2'),
(1309, '35251320223',268, '3'),
(1310, '35251320224',268, '4'),
(1311, '35251320225',268, '5'),
(1312, '35251320226',268, '6'),
(1313, '35251320227',268, '7'),
(1314, '35251320228',268, '8'),
(1315, '35251320229',268, '9'),
(1316, '352513202210',268, '10'),
(1317, '35251410061',269, '1'),
(1318, '35251410062',269, '2'),
(1319, '35251410063',269, '3'),
(1320, '35251410064',269, '4'),
(1321, '35251410081',270, '1'),
(1322, '35251410082',270, '2'),
(1323, '35251410083',270, '3'),
(1324, '35251410084',270, '4'),
(1325, '35251410085',270, '5'),
(1326, '35251410086',270, '6'),
(1327, '35251410101',271, '1'),
(1328, '35251410102',271, '2'),
(1329, '35251410103',271, '3'),
(1330, '35251410104',271, '4'),
(1331, '35251410105',271, '5'),
(1332, '35251410106',271, '6'),
(1333, '35251410107',271, '7'),
(1334, '35251410108',271, '8'),
(1335, '35251410111',272, '1'),
(1336, '35251410112',272, '2'),
(1337, '35251410113',272, '3'),
(1338, '35251410114',272, '4'),
(1339, '35251410121',273, '1'),
(1340, '35251410122',273, '2'),
(1341, '35251410123',273, '3'),
(1342, '35251410124',273, '4'),
(1343, '35251410141',274, '1'),
(1344, '35251410142',274, '2'),
(1345, '35251410143',274, '3'),
(1346, '35251410144',274, '4'),
(1347, '35251410145',274, '5'),
(1348, '35251410146',274, '6'),
(1349, '35251410151',275, '1'),
(1350, '35251410152',275, '2'),
(1351, '35251410153',275, '3'),
(1352, '35251410154',275, '4'),
(1353, '35251410155',275, '5'),
(1354, '35251410156',275, '6'),
(1355, '35251410157',275, '7'),
(1356, '35251410158',275, '8'),
(1357, '35251410159',275, '9'),
(1358, '352514101510',275, '10'),
(1359, '352514101511',275, '11'),
(1360, '352514101512',275, '12'),
(1361, '35251410161',276, '1'),
(1362, '35251410171',277, '1'),
(1363, '35251410172',277, '2'),
(1364, '35251410173',277, '3'),
(1365, '35251410174',277, '4'),
(1366, '35251410175',277, '5'),
(1367, '35251410176',277, '6'),
(1368, '35251410177',277, '7'),
(1369, '35251410178',277, '8'),
(1370, '35251410179',277, '9'),
(1371, '352514101710',277, '10'),
(1372, '352514101711',277, '11'),
(1373, '352514101712',277, '12'),
(1374, '352514101713',277, '13'),
(1375, '35251410191',278, '1'),
(1376, '35251410192',278, '2'),
(1377, '35251410193',278, '3'),
(1378, '35251410194',278, '4'),
(1379, '35251410195',278, '5'),
(1380, '35251410196',278, '6'),
(1381, '35251410197',278, '7'),
(1382, '35251410198',278, '8'),
(1383, '35251420011',279, '1'),
(1384, '35251420012',279, '2'),
(1385, '35251420013',279, '3'),
(1386, '35251420014',279, '4'),
(1387, '35251420015',279, '5'),
(1388, '35251420016',279, '6'),
(1389, '35251420017',279, '7'),
(1390, '35251420018',279, '8'),
(1391, '35251420019',279, '9'),
(1392, '35251420021',280, '1'),
(1393, '35251420022',280, '2'),
(1394, '35251420023',280, '3'),
(1395, '35251420024',280, '4'),
(1396, '35251420025',280, '5'),
(1397, '35251420026',280, '6'),
(1398, '35251420027',280, '7'),
(1399, '35251420028',280, '8'),
(1400, '35251420029',280, '9'),
(1401, '352514200210',280, '10'),
(1402, '352514200211',280, '11'),
(1403, '352514200212',280, '12'),
(1404, '352514200213',280, '13'),
(1405, '352514200214',280, '14'),
(1406, '352514200215',280, '15'),
(1407, '352514200216',280, '16'),
(1408, '352514200217',280, '17'),
(1409, '352514200218',280, '18'),
(1410, '35251420031',281, '1'),
(1411, '35251420032',281, '2'),
(1412, '35251420033',281, '3'),
(1413, '35251420034',281, '4'),
(1414, '35251420035',281, '5'),
(1415, '35251420036',281, '6'),
(1416, '35251420037',281, '7'),
(1417, '35251420038',281, '8'),
(1418, '35251420039',281, '9'),
(1419, '352514200310',281, '10'),
(1420, '352514200311',281, '11'),
(1421, '352514200312',281, '12'),
(1422, '352514200313',281, '13'),
(1423, '35251420041',282, '1'),
(1424, '35251420042',282, '2'),
(1425, '35251420043',282, '3'),
(1426, '35251420044',282, '4'),
(1427, '35251420045',282, '5'),
(1428, '35251420046',282, '6'),
(1429, '35251420047',282, '7'),
(1430, '35251420048',282, '8'),
(1431, '35251420049',282, '9'),
(1432, '352514200410',282, '10'),
(1433, '352514200411',282, '11'),
(1434, '352514200412',282, '12'),
(1435, '352514200413',282, '13'),
(1436, '352514200414',282, '14'),
(1437, '352514200415',282, '15'),
(1438, '352514200416',282, '16'),
(1439, '352514200417',282, '17'),
(1440, '352514200418',282, '18'),
(1441, '352514200419',282, '19'),
(1442, '352514200420',282, '20'),
(1443, '352514200421',282, '21'),
(1444, '352514200422',282, '22'),
(1445, '35251420051',283, '1'),
(1446, '35251420052',283, '2'),
(1447, '35251420053',283, '3'),
(1448, '35251420054',283, '4'),
(1449, '35251420071',284, '1'),
(1450, '35251420072',284, '2'),
(1451, '35251420073',284, '3'),
(1452, '35251420091',285, '1'),
(1453, '35251420092',285, '2'),
(1454, '35251420093',285, '3'),
(1455, '35251420094',285, '4'),
(1456, '35251420095',285, '5'),
(1457, '35251420131',286, '1'),
(1458, '35251420132',286, '2'),
(1459, '35251420181',287, '1'),
(1460, '35251420182',287, '2'),
(1461, '35251420201',288, '1'),
(1462, '35251420202',288, '2'),
(1463, '35251420203',288, '3'),
(1464, '35251420204',288, '4'),
(1465, '35251420211',289, '1'),
(1466, '35251420212',289, '2'),
(1467, '35251420213',289, '3'),
(1468, '35251420214',289, '4'),
(1469, '35251420215',289, '5'),
(1470, '35251520011',290, '1'),
(1471, '35251520012',290, '2'),
(1472, '35251520013',290, '3'),
(1473, '35251520014',290, '4'),
(1474, '35251520015',290, '5'),
(1475, '35251520016',290, '6'),
(1476, '35251520021',291, '1'),
(1477, '35251520022',291, '2'),
(1478, '35251520023',291, '3'),
(1479, '35251520024',291, '4'),
(1480, '35251520025',291, '5'),
(1481, '35251520026',291, '6'),
(1482, '35251520027',291, '7'),
(1483, '35251520028',291, '8'),
(1484, '35251520031',292, '1'),
(1485, '35251520032',292, '2'),
(1486, '35251520033',292, '3'),
(1487, '35251520034',292, '4'),
(1488, '35251520035',292, '5'),
(1489, '35251520036',292, '6'),
(1490, '35251520037',292, '7'),
(1491, '35251520038',292, '8'),
(1492, '35251520041',293, '1'),
(1493, '35251520042',293, '2'),
(1494, '35251520043',293, '3'),
(1495, '35251520044',293, '4'),
(1496, '35251520045',293, '5'),
(1497, '35251520046',293, '6'),
(1498, '35251520047',293, '7'),
(1499, '35251520048',293, '8'),
(1500, '35251520049',293, '9'),
(1501, '352515200410',293, '10'),
(1502, '352515200411',293, '11'),
(1503, '352515200412',293, '12'),
(1504, '352515200413',293, '13'),
(1505, '352515200414',293, '14'),
(1506, '35251520051',294, '1'),
(1507, '35251520052',294, '2'),
(1508, '35251520053',294, '3'),
(1509, '35251520054',294, '4'),
(1510, '35251520055',294, '5'),
(1511, '35251520056',294, '6'),
(1512, '35251520057',294, '7'),
(1513, '35251520061',295, '1'),
(1514, '35251520062',295, '2'),
(1515, '35251520063',295, '3'),
(1516, '35251520064',295, '4'),
(1517, '35251520065',295, '5'),
(1518, '35251520066',295, '6'),
(1519, '35251520071',296, '1'),
(1520, '35251520072',296, '2'),
(1521, '35251520073',296, '3'),
(1522, '35251520074',296, '4'),
(1523, '35251520075',296, '5'),
(1524, '35251520076',296, '6'),
(1525, '35251520077',296, '7'),
(1526, '35251520078',296, '8'),
(1527, '35251520079',296, '9'),
(1528, '352515200710',296, '10'),
(1529, '352515200711',296, '11'),
(1530, '352515200712',296, '12'),
(1531, '352515200713',296, '13'),
(1532, '35251520081',297, '1'),
(1533, '35251520082',297, '2'),
(1534, '35251520083',297, '3'),
(1535, '35251520084',297, '4'),
(1536, '35251520085',297, '5'),
(1537, '35251520086',297, '6'),
(1538, '35251520087',297, '7'),
(1539, '35251520088',297, '8'),
(1540, '35251520091',298, '1'),
(1541, '35251520092',298, '2'),
(1542, '35251520093',298, '3'),
(1543, '35251520094',298, '4'),
(1544, '35251520095',298, '5'),
(1545, '35251520096',298, '6'),
(1546, '35251520097',298, '7'),
(1547, '35251520098',298, '8'),
(1548, '35251520099',298, '9'),
(1549, '352515200910',298, '10'),
(1550, '35251520101',299, '1'),
(1551, '35251520102',299, '2'),
(1552, '35251520103',299, '3'),
(1553, '35251520104',299, '4'),
(1554, '35251520105',299, '5'),
(1555, '35251520106',299, '6'),
(1556, '35251520111',300, '1'),
(1557, '35251520112',300, '2'),
(1558, '35251520113',300, '3'),
(1559, '35251520114',300, '4'),
(1560, '35251520115',300, '5'),
(1561, '35251520116',300, '6'),
(1562, '35251520117',300, '7'),
(1563, '35251520118',300, '8'),
(1564, '35251520119',300, '9'),
(1565, '35251520121',301, '1'),
(1566, '35251520122',301, '2'),
(1567, '35251520123',301, '3'),
(1568, '35251520124',301, '4'),
(1569, '35251520125',301, '5'),
(1570, '35251520126',301, '6'),
(1571, '35251520127',301, '7'),
(1572, '35251520128',301, '8'),
(1573, '35251520129',301, '9'),
(1574, '352515201210',301, '10'),
(1575, '352515201211',301, '11'),
(1576, '352515201212',301, '12'),
(1577, '352515201213',301, '13'),
(1578, '352515201214',301, '14'),
(1579, '352515201215',301, '15'),
(1580, '35251520131',302, '1'),
(1581, '35251520132',302, '2'),
(1582, '35251520133',302, '3'),
(1583, '35251520134',302, '4'),
(1584, '35251520135',302, '5'),
(1585, '35251520136',302, '6'),
(1586, '35251520137',302, '7'),
(1587, '35251520141',303, '1'),
(1588, '35251520142',303, '2'),
(1589, '35251520143',303, '3'),
(1590, '35251520144',303, '4'),
(1591, '35251520145',303, '5'),
(1592, '35251520146',303, '6'),
(1593, '35251520147',303, '7'),
(1594, '35251520151',304, '1'),
(1595, '35251520152',304, '2'),
(1596, '35251520153',304, '3'),
(1597, '35251520154',304, '4'),
(1598, '35251520155',304, '5'),
(1599, '35251520156',304, '6'),
(1600, '35251520157',304, '7'),
(1601, '35251520161',305, '1'),
(1602, '35251520162',305, '2'),
(1603, '35251520163',305, '3'),
(1604, '35251520164',305, '4'),
(1605, '35251520165',305, '5'),
(1606, '35251520166',305, '6'),
(1607, '35251520167',305, '7'),
(1608, '35251520168',305, '8'),
(1609, '35251520169',305, '9'),
(1610, '352515201610',305, '10'),
(1611, '352515201611',305, '11'),
(1612, '35251610011',306, '1'),
(1613, '35251610012',306, '2'),
(1614, '35251610013',306, '3'),
(1615, '35251610021',307, '1'),
(1616, '35251610022',307, '2'),
(1617, '35251610023',307, '3'),
(1618, '35251610024',307, '4'),
(1619, '35251610025',307, '5'),
(1620, '35251610026',307, '6'),
(1621, '35251610027',307, '7'),
(1622, '35251610028',307, '8'),
(1623, '35251610029',307, '9'),
(1624, '35251610031',308, '1'),
(1625, '35251610032',308, '2'),
(1626, '35251610033',308, '3'),
(1627, '35251610034',308, '4'),
(1628, '35251610035',308, '5'),
(1629, '35251610036',308, '6'),
(1630, '35251610041',309, '1'),
(1631, '35251610042',309, '2'),
(1632, '35251610043',309, '3'),
(1633, '35251610044',309, '4'),
(1634, '35251610051',310, '1'),
(1635, '35251610052',310, '2'),
(1636, '35251610053',310, '3'),
(1637, '35251610054',310, '4'),
(1638, '35251610055',310, '5'),
(1639, '35251610056',310, '6'),
(1640, '35251610057',310, '7'),
(1641, '35251610061',311, '1'),
(1642, '35251610062',311, '2'),
(1643, '35251610063',311, '3'),
(1644, '35251610064',311, '4'),
(1645, '35251610065',311, '5'),
(1646, '35251610066',311, '6'),
(1647, '35251610067',311, '7'),
(1648, '35251610068',311, '8'),
(1649, '35251610069',311, '9'),
(1650, '35251610071',312, '1'),
(1651, '35251610072',312, '2'),
(1652, '35251610073',312, '3'),
(1653, '35251610074',312, '4'),
(1654, '35251610081',313, '1'),
(1655, '35251610082',313, '2'),
(1656, '35251610083',313, '3'),
(1657, '35251610084',313, '4'),
(1658, '35251610085',313, '5'),
(1659, '35251610101',314, '1'),
(1660, '35251610102',314, '2'),
(1661, '35251610103',314, '3'),
(1662, '35251610104',314, '4'),
(1663, '35251610105',314, '5'),
(1664, '35251610106',314, '6'),
(1665, '35251610107',314, '7'),
(1666, '35251610108',314, '8'),
(1667, '35251610109',314, '9'),
(1668, '352516101010',314, '10'),
(1669, '352516101011',314, '11'),
(1670, '352516101012',314, '12'),
(1671, '352516101013',314, '13'),
(1672, '352516101014',314, '14'),
(1673, '352516101015',314, '15'),
(1674, '35251610111',315, '1'),
(1675, '35251610112',315, '2'),
(1676, '35251610113',315, '3'),
(1677, '35251610114',315, '4'),
(1678, '35251610121',316, '1'),
(1679, '35251610122',316, '2'),
(1680, '35251610131',317, '1'),
(1681, '35251610132',317, '2'),
(1682, '35251610133',317, '3'),
(1683, '35251610141',318, '1'),
(1684, '35251610142',318, '2'),
(1685, '35251610143',318, '3'),
(1686, '35251610151',319, '1'),
(1687, '35251610152',319, '2'),
(1688, '35251610153',319, '3'),
(1689, '35251610154',319, '4'),
(1690, '35251610155',319, '5'),
(1691, '35251610156',319, '6'),
(1692, '35251610161',320, '1'),
(1693, '35251610162',320, '2'),
(1694, '35251610163',320, '3'),
(1695, '35251610171',321, '1'),
(1696, '35251610172',321, '2'),
(1697, '35251610173',321, '3'),
(1698, '35251620091',322, '1'),
(1699, '35251620092',322, '2'),
(1700, '35251620093',322, '3'),
(1701, '35251620181',323, '1'),
(1702, '35251620182',323, '2'),
(1703, '35251620183',323, '3'),
(1704, '35251620184',323, '4'),
(1705, '35251620191',324, '1'),
(1706, '35251620192',324, '2'),
(1707, '35251620193',324, '3'),
(1708, '35251620194',324, '4'),
(1709, '35251620195',324, '5'),
(1710, '35251620196',324, '6'),
(1711, '35251620201',325, '1'),
(1712, '35251620202',325, '2'),
(1713, '35251620203',325, '3'),
(1714, '35251620204',325, '4'),
(1715, '35251620211',326, '1'),
(1716, '35251620212',326, '2'),
(1717, '35251620213',326, '3'),
(1718, '35251620214',326, '4'),
(1719, '35251620215',326, '5'),
(1720, '35251620216',326, '6'),
(1721, '35251620217',326, '7'),
(1722, '35251720011',327, '1'),
(1723, '35251720012',327, '2'),
(1724, '35251720013',327, '3'),
(1725, '35251720014',327, '4'),
(1726, '35251720015',327, '5'),
(1727, '35251720021',328, '1'),
(1728, '35251720022',328, '2'),
(1729, '35251720023',328, '3'),
(1730, '35251720024',328, '4'),
(1731, '35251720031',329, '1'),
(1732, '35251720032',329, '2'),
(1733, '35251720033',329, '3'),
(1734, '35251720034',329, '4'),
(1735, '35251720041',330, '1'),
(1736, '35251720042',330, '2'),
(1737, '35251720043',330, '3'),
(1738, '35251720051',331, '1'),
(1739, '35251720052',331, '2'),
(1740, '35251720053',331, '3'),
(1741, '35251720061',332, '1'),
(1742, '35251720062',332, '2'),
(1743, '35251720063',332, '3'),
(1744, '35251720064',332, '4'),
(1745, '35251720065',332, '5'),
(1746, '35251720066',332, '6'),
(1747, '35251720071',333, '1'),
(1748, '35251720072',333, '2'),
(1749, '35251720073',333, '3'),
(1750, '35251720081',334, '1'),
(1751, '35251720082',334, '2'),
(1752, '35251720083',334, '3'),
(1753, '35251720084',334, '4'),
(1754, '35251720085',334, '5'),
(1755, '35251720091',335, '1'),
(1756, '35251720092',335, '2'),
(1757, '35251720093',335, '3'),
(1758, '35251720094',335, '4'),
(1759, '35251720101',336, '1'),
(1760, '35251720102',336, '2'),
(1761, '35251720103',336, '3'),
(1762, '35251720104',336, '4'),
(1763, '35251720111',337, '1'),
(1764, '35251720112',337, '2'),
(1765, '35251720113',337, '3'),
(1766, '35251720114',337, '4'),
(1767, '35251720115',337, '5'),
(1768, '35251720116',337, '6'),
(1769, '35251720117',337, '7'),
(1770, '35251720121',338, '1'),
(1771, '35251720122',338, '2'),
(1772, '35251720123',338, '3'),
(1773, '35251720124',338, '4'),
(1774, '35251720131',339, '1'),
(1775, '35251720132',339, '2'),
(1776, '35251720133',339, '3'),
(1777, '35251720134',339, '4'),
(1778, '35251720135',339, '5'),
(1779, '35251720141',340, '1'),
(1780, '35251720142',340, '2'),
(1781, '35251720143',340, '3'),
(1782, '35251720151',341, '1'),
(1783, '35251720152',341, '2'),
(1784, '35251720153',341, '3'),
(1785, '35251720154',341, '4'),
(1786, '35251720155',341, '5'),
(1787, '35251720156',341, '6'),
(1788, '35251720157',341, '7'),
(1789, '35251720161',342, '1'),
(1790, '35251720162',342, '2'),
(1791, '35251720163',342, '3'),
(1792, '35251720164',342, '4'),
(1793, '35251720165',342, '5'),
(1794, '35251720166',342, '6'),
(1795, '35251720167',342, '7'),
(1796, '35251720168',342, '8'),
(1797, '35251720169',342, '9'),
(1798, '35251720171',343, '1'),
(1799, '35251720172',343, '2'),
(1800, '35251720173',343, '3'),
(1801, '35251720174',343, '4'),
(1802, '35251720175',343, '5'),
(1803, '35251720176',343, '6'),
(1804, '35251720177',343, '7'),
(1805, '35251720178',343, '8'),
(1806, '35251720179',343, '9'),
(1807, '352517201710',343, '10'),
(1808, '35251820011',344, '1'),
(1809, '35251820012',344, '2'),
(1810, '35251820013',344, '3'),
(1811, '35251820014',344, '4'),
(1812, '35251820021',345, '1'),
(1813, '35251820022',345, '2'),
(1814, '35251820023',345, '3'),
(1815, '35251820024',345, '4'),
(1816, '35251820025',345, '5'),
(1817, '35251820031',346, '1'),
(1818, '35251820041',347, '1'),
(1819, '35251820042',347, '2'),
(1820, '35251820043',347, '3'),
(1821, '35251820044',347, '4'),
(1822, '35251820051',348, '1'),
(1823, '35251820052',348, '2'),
(1824, '35251820053',348, '3'),
(1825, '35251820054',348, '4'),
(1826, '35251820055',348, '5'),
(1827, '35251820056',348, '6'),
(1828, '35251820061',349, '1'),
(1829, '35251820062',349, '2'),
(1830, '35251820063',349, '3'),
(1831, '35251820064',349, '4'),
(1832, '35251820065',349, '5'),
(1833, '35251820066',349, '6'),
(1834, '35251820067',349, '7'),
(1835, '35251820068',349, '8'),
(1836, '35251820071',350, '1'),
(1837, '35251820072',350, '2'),
(1838, '35251820073',350, '3'),
(1839, '35251820074',350, '4'),
(1840, '35251820081',351, '1'),
(1841, '35251820091',352, '1'),
(1842, '35251820092',352, '2'),
(1843, '35251820093',352, '3'),
(1844, '35251820094',352, '4'),
(1845, '35251820095',352, '5'),
(1846, '35251820096',352, '6'),
(1847, '35251820097',352, '7'),
(1848, '35251820098',352, '8'),
(1849, '35251820099',352, '9'),
(1850, '35251820101',353, '1'),
(1851, '35251820102',353, '2'),
(1852, '35251820103',353, '3'),
(1853, '35251820104',353, '4'),
(1854, '35251820105',353, '5'),
(1855, '35251820111',354, '1'),
(1856, '35251820112',354, '2'),
(1857, '35251820121',355, '1'),
(1858, '35251820122',355, '2'),
(1859, '35251820123',355, '3'),
(1860, '35251820124',355, '4'),
(1861, '35251820125',355, '5'),
(1862, '35251820126',355, '6'),
(1863, '35251820127',355, '7'),
(1864, '35251820131',356, '1'),
(1865, '35251820132',356, '2'),
(1866, '35251820133',356, '3'),
(1867, '35251820134',356, '4'),
(1868, '35251820135',356, '5');
